zip_code,lat,lon
86444,48.45787237861964,10.97518765429208
86551,48.44470893433664,11.120791692655308
86447,48.5155629920548,10.940109264692621
86453,48.393806291307186,11.051696958778933
86316,48.34730099111234,10.999672489501913
86316,48.39857431728929,10.973777247457885
86438,48.28789168613183,10.979162010176136
86556,48.49377327970413,11.180235729206887
86504,48.239757910701535,10.985523117069196
86415,48.25851064173264,10.969612033241853
86573,48.42536730704726,11.058447401612513
86554,48.581656958052065,11.080229847475167
86508,48.48915569681689,10.915122048182386
84508,48.174259813843186,12.722740258274799
84547,48.19394011009155,12.772098443894519
84567,48.30727854850579,12.79314062492551
84550,48.08118626077543,12.596166999999058
84533,48.22970843536465,12.865794341514615
84556,48.19541304318387,12.693023339181853
84558,48.089725657989966,12.643325326093226
84533,48.25120639486545,12.851227114405418
84567,48.261875243813265,12.767840840936959
84568,48.309941786489865,12.598050392800884
84571,48.287131910025984,12.719556995646425
84533,48.247017565954856,12.885330158470138
84576,48.2304231513416,12.60771125947123
84577,48.211253467299535,12.604707592804658
84579,48.16842446814878,12.624219950545932
84503,48.2233471326775,12.670511156853292
84489,48.161939280599796,12.805819756682034
84508,48.174012122123266,12.72290130379314
84518,48.131562320683116,12.592590949930264
84524,48.247898776653734,12.688948269293254
84513,48.2621969189981,12.598180621448304
92224,49.42410453164646,11.823918015013561
92224,49.48919645000435,11.877205157528966
92260,49.44616722246902,11.759666190014373
91275,49.70076056105001,11.627565606635383
92262,49.42499449757412,11.65382262088179
92263,49.388400593534726,11.936722884785798
92265,49.57796850141472,11.700785450142641
92266,49.340189658982325,11.9449151975539
92268,49.52622847779971,11.582531150058909
92271,49.62838274634215,11.899597364251271
92272,49.472432013190726,11.947460583952518
92274,49.53354976887168,11.860350891781463
92256,49.52302119853851,11.798174070938808
92242,49.5407346927101,11.949975219975558
92275,49.5758984276123,11.583323020641037
92277,49.29189385461781,11.803327410386602
92278,49.45008890190986,11.678981019301192
92280,49.37289139502951,11.692633741905464
92281,49.61079559479225,11.635427813897005
92245,49.40983343725346,11.903303397777401
92259,49.52721560250426,11.618551197724956
92284,49.478571916255824,11.818197320268073
92286,49.30348565674505,11.948543325230856
92237,49.48718885860346,11.763232387721278
92287,49.26849910281566,11.926320937879066
92253,49.54993484051767,12.016842302690323
92237,49.51143826737075,11.72919653862112
92289,49.39673660624334,11.764016228901397
92249,49.616184559217075,11.797389334666788
91249,49.499572276990165,11.568328537275539
91587,49.45694564616974,10.171508872495185
91722,49.1495892697777,10.617103625475242
91589,49.24898929118878,10.41815271018433
91572,49.16142278284551,10.5618928787314
91590,49.360067619013414,10.699146124082496
91592,49.3329020729455,10.333587495315612
91595,49.22817822276634,10.592224540599368
91595,49.23542041181666,10.597178127737033
91596,49.133104026329626,10.477641229710986
91598,49.35578060381028,10.405320673708957
91599,49.128757554768114,10.419680474279719
91583,49.307329119991245,10.182118817467689
90599,49.40721802287689,10.67720320381897
91550,49.07830752631348,10.304445573923614
91601,49.25558209052965,10.279190859562473
91602,49.10856839132668,10.391372090634919
91725,49.08804011897166,10.543875029075243
91555,49.184008163971654,10.336872778129594
91604,49.39338244211596,10.51535260338709
91607,49.34944819979974,10.206295398191155
91726,49.0517606959268,10.517270086766295
91608,49.363252956011095,10.309431884476501
91560,49.34492152001754,10.80564911534565
91567,49.23964119534147,10.474599676692652
91610,49.30851203651282,10.166393887094694
91731,49.10925798003679,10.454011047831681
91611,49.34110042567613,10.506692597916897
91578,49.3074893654904,10.410010256541003
91586,49.28037394003666,10.692386745263622
91732,49.208128799633755,10.701641687792815
91734,49.203588348941004,10.805509604741534
91614,49.019132014207266,10.364395053035745
91564,49.2867199564338,10.778253310788896
91616,49.36111202540294,10.219138523111504
91617,49.41176723764384,10.432606005310733
91620,49.472288342718855,10.21125257954908
91737,49.17954866211825,10.659568748757838
91580,49.3120198211019,10.756765930131513
91740,49.05888565729556,10.559785867952767
91622,49.39880349289845,10.60590878809304
91623,49.29487429783908,10.664198528987255
91583,49.29549381840675,10.253565649020356
91625,49.19515107056677,10.178738454892562
91626,49.12248845154952,10.31211544291228
91628,49.41854174799235,10.194136776077912
91743,49.076351971351635,10.621286799092653
91717,49.04333564757466,10.589157939369205
91746,49.19535930991649,10.645538107293321
91629,49.34851594902168,10.616255621981425
91744,49.04348673161352,10.45743321535204
91631,49.25673966731601,10.159774465185823
91632,49.16024904190919,10.496547913103715
91634,49.03074864999773,10.40869988439006
91635,49.40139327387885,10.297382475682365
91575,49.2440205076687,10.830244521070291
91749,49.06458756323486,10.442022658313126
91639,49.226531111158245,10.735550741399932
91637,49.25349695695643,10.24534455477047
91522,49.29286120155247,10.598447501808177
63755,50.09144285523613,9.05364921650832
63856,49.9690650931636,9.254042259960809
63825,50.07941586285074,9.245616792934548
63874,49.860257667967325,9.306811262168308
63826,50.12648433900691,9.191914457640227
63864,50.01042883325123,9.143835471098296
63796,50.07753411935783,9.011159943867321
63791,50.05187831164056,9.001414949699944
63801,50.016002179369835,9.048053971586024
63762,49.9432540101911,9.063775108931054
63814,49.980369897902904,9.10408674672245
63867,50.025277432289435,9.132800449829768
63776,50.05874144940726,9.160102890248476
63825,50.11597644127336,9.248437888361996
63829,50.085677985885894,9.213498786452753
63828,50.10021777536333,9.2833554005067
63831,50.10625447683404,9.361029172462448
63871,50.0637737692387,9.340871011147978
63869,50.03597860223451,9.367181510831525
63773,49.991643046791054,9.18345099351137
63808,49.958167960653306,9.199220712387532
63768,50.00637379309994,9.225462012111292
63846,50.009276425956834,9.274432743070482
63877,50.03404158389729,9.276922056596387
63857,49.9695311640323,9.303294975099506
63860,49.962130040966336,9.408048972527428
63879,49.92775974451785,9.355519402487177
63875,49.91920270101217,9.290240136433274
63872,49.886792682282575,9.277660933380119
63741,49.949513837206034,9.089768444668046
63743,49.96525100518771,9.17935752803305
63741,49.978840342678424,9.110512689484905
86672,48.5730234660708,10.908435571312806
86679,48.604340371233164,10.862834128803776
86405,48.558681083225025,10.861294381262155
86707,48.57935901474512,10.841541812381887
86695,48.60138055563839,10.82785680819426
86707,48.57124800933486,10.825038950936372
86695,48.61668734763118,10.804220157698566
86678,48.58758101516644,10.787224205250194
86405,48.5551080964993,10.782064224591466
86485,48.493651351292264,10.772135482631443
86456,48.46713443264666,10.786681552970524
86368,48.43259763980832,10.816303988814308
86456,48.45943433584364,10.832958418631895
86462,48.46985705415343,10.863197036135418
86169,48.42020659782249,10.898000327672472
86450,48.46707856933864,10.592389051132573
86450,48.47607842992835,10.633303557525938
86494,48.48076264399733,10.671949649995147
86465,48.46575303314165,10.663249304221257
86465,48.47359056520565,10.718095208247421
86477,48.42736992570354,10.71420181813607
86486,48.43835101112256,10.708962348453033
86482,48.40487870474712,10.790245964225388
86356,48.39814252520522,10.81445344859248
86420,48.36525761292553,10.789134525574761
86356,48.37142188715157,10.80970801638644
86391,48.36628071417248,10.83834012684141
86157,48.34977400888035,10.855917325736028
86441,48.406071643736226,10.594423084564554
86424,48.352209025339505,10.576139686145677
86514,48.31782420879555,10.634931332606515
86850,48.29403528176643,10.651659720228421
86836,48.2702377267771,10.601486208189424
86877,48.23027986587356,10.587506237037667
86872,48.20251350208472,10.65101013336656
86868,48.17425426862449,10.586537829000964
86497,48.391918151833266,10.680058077058762
86500,48.36643393413665,10.68965792239438
86459,48.32782266483281,10.724948294124976
86399,48.26862213230066,10.812274378260653
86517,48.25525568843645,10.787943415319576
86845,48.23678779605153,10.776978942435006
86830,48.195463380345444,10.755487718495308
86856,48.16352253200267,10.703482402989
86853,48.15240665263776,10.753251025692245
86169,48.42065294654834,10.89809930636175
86343,48.264623247283765,10.897993369709246
86507,48.23407495612494,10.864326524616853
86507,48.21472774798412,10.848109102437096
86836,48.1922616266286,10.823631522077823
86836,48.160246683745505,10.81485087908332
86836,48.156390653728366,10.836264141593078
86156,48.39063415401845,10.864584900490163
86179,48.317512872834385,10.890516022689429
86169,48.420500214089586,10.897931894521953
86153,48.37333303461812,10.91761162608705
97786,50.39673793595681,9.770730673906028
97772,50.37896929969203,9.91152020169903
97792,50.32007628716757,9.863170635474265
97769,50.30457376391449,9.78053420343809
97799,50.262302664430216,9.670285351658926
97789,50.27514415697352,9.80513824073654
97795,50.26639322787198,9.858282145030905
97779,50.27770726540186,9.896242494950876
97705,50.2770288935241,10.00473635350799
97708,50.26174675911185,10.062407529866183
97720,50.22843591093181,10.124167925281522
97702,50.25704072317201,10.1847243633677
97702,50.25823469996769,10.317272078957469
97797,50.154814995423294,9.761626830451016
97762,50.117755309640756,9.878714346884495
97727,50.09847017322471,9.9359619194557
97725,50.141817321264845,9.966520313953522
97723,50.20029415532503,9.967605433936548
97717,50.160115605339286,9.99904387673713
97717,50.15132484095301,10.08474716778894
97517,50.16542847804503,10.207541976577925
97711,50.17777124982949,10.277689144309912
97711,50.201627569245424,10.320595307411908
83670,47.750157390314534,11.465854439572796
83646,47.76365466362424,11.569389067691537
83671,47.70318018495276,11.424697213981657
83673,47.727848170649224,11.409546743978826
83623,47.84419394007295,11.588344933891982
82544,47.92398857032452,11.510452044568991
82547,47.85246241415696,11.4050662990358
82547,47.795507799533844,11.404920902301797
83674,47.739585471000275,11.566456934735378
82538,47.886910834451925,11.461801293390488
82538,47.856973516217245,11.505824334582872
83677,47.75478032516623,11.621959118559415
82057,47.9513350252847,11.435506554838307
83676,47.60253511383278,11.452632185514108
82431,47.660252755635845,11.358916166979663
82549,47.81917895282196,11.476733011562807
83661,47.664833222714435,11.584001835217835
82541,47.884681361641924,11.382838672365477
83679,47.81128452205285,11.650786671521326
82444,47.65290611339446,11.31202742743446
83646,47.753423402306126,11.534381842694664
82432,47.596316872021355,11.315779534133489
82538,47.89967443992028,11.421895612625802
96138,49.8271647530877,10.764282016511821
96149,49.97836915021873,10.886382386164332
96103,49.92218445355573,10.872534966465313
96114,49.82150161036606,11.003290142416553
91332,49.863124991969805,11.159189218706912
96117,49.91878380140917,10.970666102691514
96173,49.93571666644107,10.809429369678654
96110,49.97121460599883,11.020052966526563
96132,49.7641028323955,10.613561691913812
96135,49.8494321843198,10.878123500362387
96191,49.923976772349555,10.773134495546238
96052,49.91012247565997,10.854097352530664
95445,49.957546213716526,11.549080052856024
83404,47.81835029738544,12.9599517610146
83454,47.78932584971471,12.86454148640338
83435,47.71648724820309,12.876169824383327
83457,47.73642295991958,12.91189460731945
83471,47.63546823594249,13.010006129141996
83483,47.67992354445609,12.933498443297946
83395,47.824436478446984,12.966538829439482
83410,47.92347890715968,12.914449746022562
83487,47.702782481158245,13.038550410977399
83451,47.7661630189358,12.916832209432968
83471,47.61305640121462,12.949759493736599
83416,47.87044405883785,12.947607913529774
83458,47.71562428410873,12.774017804326627
83317,47.84811997307207,12.814908359415764
93473,49.27591933034237,12.81841119980691
93474,49.19771901905667,13.000199156725749
93444,49.16492016980003,12.86919532768965
93476,49.16484766070036,12.799462678019655
93413,49.20086197961554,12.664953189045361
93466,49.20177820609221,12.74885791617851
93458,49.29883702150579,12.901612272745867
93167,49.10215424190555,12.492324170668127
93437,49.308765922657706,12.827407784017684
93477,49.316828470285124,12.745214943355238
93479,49.2045368235369,12.882534186572254
93480,49.20557766925528,12.930790840622024
93462,49.20227945495903,13.044835634320913
93470,49.180390650228254,13.067354205555734
93185,49.1216733385346,12.551979477082817
93468,49.151616219553816,12.76642514105982
93453,49.259611822754366,12.95735523679177
93482,49.2630518370941,12.608581778827572
93483,49.23244137862468,12.553295172304505
93189,49.18433790378145,12.356488906555606
93191,49.07126841608274,12.455092033479072
93485,49.22776714337838,12.885272665042216
93426,49.18672948280923,12.537262412114213
92444,49.337926294947245,12.526227216620434
93486,49.217040626782364,12.754887771438945
93488,49.35648824307508,12.59602405239768
93489,49.1645662333727,12.587574562631975
93491,49.26485536439925,12.535506624741874
93464,49.435630692643976,12.586544659750762
93455,49.17446549766978,12.64771982318746
93492,49.42636456612698,12.620246836874431
93494,49.256427906375066,12.655915716920884
93192,49.15428065007469,12.342377377716815
93194,49.18867262295528,12.373316611764626
93449,49.3807928320554,12.691178227756733
93495,49.26555841806216,12.753599628036426
93497,49.23804887195009,12.676978686817066
93499,49.149794024438975,12.720316588646579
93199,49.14236096772307,12.409984760553721
96482,50.236060932315254,10.956832414220873
96476,50.33803347060098,10.7960254493508
96487,50.28139539581649,11.003214759522146
96237,50.21272580966568,11.09203989186316
96271,50.2268938451627,11.020423275644776
96274,50.12128080566423,10.873431551862598
96486,50.29499023749478,10.973026583373263
96484,50.3158608056395,10.9084355998709
96465,50.34155306216789,11.113915769594714
96472,50.29323842107685,11.044795399520199
96145,50.18526621121391,10.838918575705089
96242,50.214945201073846,11.142806492619348
96253,50.19725292060482,10.960968604644028
96479,50.26337686058542,10.898221567260952
96450,50.28812990873748,10.95304696712516
85250,48.37958288569028,11.2611543857811
85232,48.25078738734055,11.395147475058938
85221,48.2701516549608,11.472382680735478
85221,48.239295325386834,11.432314812365952
85221,48.269610850366774,11.423416894835114
85253,48.33618019363075,11.28648751082607
85778,48.31819086931401,11.549655237047633
85241,48.30225547841909,11.497371439585287
86567,48.42956610542448,11.36992987973536
85757,48.221929096441926,11.456789038938227
85757,48.23086707336717,11.461561918231281
85757,48.239908332854405,11.47920579739235
85229,48.35215441945757,11.376645979870847
85235,48.31791754451171,11.221567016501561
85238,48.408656713894146,11.480151991488086
85235,48.30192594079175,11.180203785125778
85244,48.33521367241267,11.439012248980998
85247,48.311637724412044,11.352593014278938
85254,48.283507736859995,11.261137536299733
85256,48.36707253860592,11.44884682780635
85258,48.38339281926297,11.423261017597417
94550,48.66382170074942,13.078112336235638
94486,48.61356188964637,12.992162371496802
94577,48.71505362454214,13.09108901449152
94547,48.73331067431121,13.14187278680905
94532,48.72253222968619,13.225066292648135
94508,48.75866880055236,13.187074940759262
94541,48.806909368130974,13.148974472866456
94551,48.8409354382026,13.137001875681088
94539,48.901455237229726,12.974847932695306
94505,48.90072709804252,12.924635416534194
94560,48.85852460924256,12.896559260053666
94569,48.81708850029978,12.804112985624803
94563,48.76137036824767,12.7998336963628
94562,48.70592464830253,12.825699018611747
94574,48.686243463658776,12.875773579743527
94486,48.697568358549425,13.00169629432751
94491,48.765988569875205,13.059911855712425
94530,48.80220572689899,13.09224320905393
94557,48.768189965324616,13.019294370226335
94469,48.823565993504964,12.941091979204222
94526,48.85004937090634,12.908070645048506
94447,48.79504124076112,12.867258123051371
94527,48.73698593317633,12.90121133028683
94554,48.74912496886318,12.95574466191302
94533,48.700364157355665,12.941847744843706
86733,48.85337671276253,10.615824093833979
86663,48.673000977102866,10.814416063773864
89429,48.62717184255989,10.33233385290083
89431,48.54449130195683,10.311785155686444
86657,48.72576366798867,10.556862572959714
86675,48.780522955741034,10.820967477227049
86647,48.582415180741904,10.72614116324781
86653,48.788120538491896,10.90517519250743
86738,48.853950444221724,10.569992308101389
89407,48.570696017772065,10.508291005471321
86609,48.703429019361835,10.78071676330568
86609,48.747103040260725,10.747040213128216
86735,48.75987059702511,10.445940052531578
86742,48.97018886164136,10.466093142842668
86681,48.83025250081701,10.76720063774539
89353,48.51180766399675,10.480959950692444
89423,48.56361130653943,10.396315081986026
86655,48.79472677005547,10.695781563783783
89437,48.604607576741124,10.367578700721415
89420,48.61345561472866,10.580760777983507
89438,48.51191269110437,10.560395762433942
86685,48.830775176760724,10.709775536549662
86687,48.759406197222056,10.786822724831225
86747,48.92626350885663,10.508082345037083
86748,48.9316369774938,10.473320974760497
86688,48.740318558325875,10.957213719553529
86690,48.64847756462424,10.783579191051343
86751,48.77789435827932,10.584018490445345
86653,48.8541009369009,10.85965902620411
86753,48.808251335633024,10.572439370428066
86720,48.868023078697924,10.515840607461588
86698,48.680906216957226,10.871802040454098
86732,48.9407901715421,10.603523278803413
86700,48.869283509968085,10.804540249467985
86641,48.675920263914826,10.939092888592775
86703,48.84779173117431,10.931605013221931
86704,48.81702534782631,10.968396972191039
86660,48.68024781189901,10.701040570527041
86637,48.50719430727943,10.615503744838952
86757,48.89556912168736,10.475032227986066
86650,48.8659794346252,10.714734075855498
86637,48.54235767068862,10.67819561409844
89426,48.614679300317704,10.432802827290448
86709,48.91083241295006,10.79094068817432
84130,48.63722040662491,12.509681883255572
94428,48.63601432640643,12.867109254118347
94405,48.6767454653352,12.70124742184395
84180,48.627581136117364,12.437304367298603
94437,48.65854945650188,12.588131685877034
84163,48.55183963772765,12.568189152756325
84152,48.726352929014375,12.444790611473477
84164,48.67307836776391,12.495752286174834
84183,48.619465095067575,12.39076356769266
94431,48.69565343098677,12.64994902278681
94419,48.576965572686674,12.638701480989235
94436,48.55251993742213,12.74606351000255
94522,48.73845623840733,12.757812909817888
84160,48.537899206906914,12.517549288078616
84552,48.33734595854512,12.667719733570015
84177,48.645409761423,12.532219552195375
84387,48.25591807103741,12.95424896494514
84333,48.5328553408234,12.743549409835522
94166,48.30728819558588,13.07237104439433
84367,48.306930728144906,12.832053871161515
85646,48.154738899022696,11.858279841210326
85617,47.98305015997286,12.00895444693462
83550,47.996323764833846,12.054331217077477
83553,48.03429106727442,12.045139875234815
85625,47.968876311400024,11.923551756082434
85560,48.08112820997375,11.98522854113049
85560,48.110077903606054,11.98145658401748
85658,48.00708311496973,11.791265453466703
85661,48.17208460761864,11.9173969138611
85625,47.982464931060655,11.873433192244168
85567,48.04490184982541,11.959657574986554
85664,48.15982144989146,11.985889380187357
85614,48.06906242261218,11.907972653737644
85570,48.18877152383294,11.8562334061364
85667,48.02237701938823,11.808364007233553
85599,48.14454996170684,11.786967587238605
85652,48.196076621344936,11.803362747783076
85586,48.170400344512096,11.803921804776824
85643,48.08550310410636,12.037126325573254
85591,48.11570581675281,11.770860165343835
85604,48.077977480122314,11.829777357569155
85111,48.840663342518226,11.212785209628713
93336,48.90161619227352,11.643357481062713
92339,49.027893407022475,11.486677071207605
85113,48.858038781014805,11.368913087686696
85114,48.810514231809165,11.281761228239702
85095,48.93474134068889,11.470117419934617
91795,48.863527012007786,11.074406952926026
85116,48.78933965759864,11.238966848649298
85072,48.8978783968764,11.168397422226084
85117,48.81970717895048,11.32808333447012
85080,48.820837525651534,11.380690628434747
85098,48.76286325252283,11.540072162185062
85122,48.856501612744495,11.331979760866425
85125,48.998890045486576,11.383125147001067
85110,48.946874268098846,11.388564252764024
85092,48.814178096770306,11.527950129536814
85101,48.81272631670715,11.46506967704152
93349,48.8538097815093,11.646640171846405
91804,48.864503601603076,11.014413951526809
85128,48.798085775662884,11.235595685572514
85129,48.828578088677496,11.617530189435449
85104,48.811923955575175,11.693171264003793
85131,48.94952655622216,11.20751290499537
85132,48.90791308279461,11.108562576430781
85134,48.86260952925799,11.445865685481422
85135,48.99837054145447,11.207211324740875
85137,48.91535359383196,11.30650596377487
91809,48.81456943772123,11.089969581407642
85139,48.8294790191951,11.419161359424319
85459,48.38365732763751,11.918408083355322
85461,48.31724297652396,11.98423189887828
85656,48.215374221193514,11.997770916941384
84405,48.27852017336901,12.158642964305095
85452,48.28060634317549,11.782224487588934
85462,48.35519110792936,11.887438222989477
85435,48.290397189305,11.900727682041245
85435,48.33066156413172,11.927608259208935
85435,48.3117082282517,11.892058102072014
85464,48.21620184789829,11.808753395064072
85659,48.18491574901679,11.978353077662543
84432,48.38475508149219,12.129170277316529
85457,48.2421003694537,11.930244730784864
84416,48.34625396947687,12.068164540711432
84424,48.22365633258774,12.075030129026125
84434,48.41433644384665,12.094358339273334
84435,48.253580437866006,12.048724583335245
85447,48.36566055458496,12.028871033215108
85452,48.28548825109283,11.842109918611488
85467,48.24455007632705,11.853008676434069
85445,48.32915016906803,11.843033474261855
85570,48.21810590696707,11.88118646743961
85669,48.1989489168507,11.944238927982727
85447,48.35919101587138,11.971069140961605
84427,48.21999790567377,12.132054721404447
84439,48.37626432043603,12.083435744653004
84416,48.35074061773038,12.138022408220197
85469,48.256289703517005,11.975691932694344
85456,48.39977062149545,11.971098450401813
84405,48.27994167204326,12.224513465820262
91056,49.58393116896788,10.96864361010838
90542,49.57639038237083,11.210278991611363
91074,49.57924145865369,10.901760908922622
91315,49.70742523698531,10.8617522319756
91083,49.64872799740891,11.026075804777536
91054,49.59617106801875,11.052936878277578
91077,49.6029305305353,11.118493612863032
91090,49.661431868565316,11.092093057529292
91330,49.77296499155449,11.043414728127342
91301,49.73205921288087,11.047455347172802
91301,49.71440115649956,11.044500395765635
91301,49.73509359845156,11.058234865556825
91301,49.716940688962616,11.102298174169832
91361,49.69204029285407,11.085082101136889
91327,49.774817903325925,11.341742414154325
91322,49.64885681400134,11.239920954961166
91353,49.69624483802206,11.04434925442298
91336,49.686995659832746,10.997091938871296
91077,49.64029651801279,11.132990541172815
91355,49.66013349855607,11.316670159153418
91338,49.61564289788395,11.233809772070998
91356,49.73991374597261,11.157113395842725
91077,49.598790446411456,11.15776545659048
91358,49.67941091182806,11.144003022768239
91094,49.64265358649728,11.058413722162756
91359,49.695142486428935,11.172277246348829
91077,49.60406952867241,11.136193776607422
91286,49.69401061365512,11.35279193310041
91099,49.66790514404926,11.069850091436473
91362,49.754855888165416,11.169864181076987
91346,49.80792912809441,11.21735932803862
91364,49.82093341777304,11.189683306773851
91365,49.74716381635006,11.127451214754647
91367,49.628946091711164,11.250317416170061
91369,49.715711758827474,11.131881851597958
91352,49.745439880772246,10.966134942184894
91301,49.71397611180045,11.068386757466195
91320,49.77463876568544,11.184148644502553
91349,49.700664571305424,11.248853497403799
85391,48.43664949127501,11.603801232634416
85395,48.50835032140477,11.750297498891879
84072,48.55304379121334,11.745053036248848
85386,48.29607128500954,11.631316450640494
85777,48.344441888482585,11.568519714259558
85356,48.40051375532445,11.752438362284392
85408,48.55834744087865,11.949202192278078
85410,48.45657494915367,11.841723666916012
85399,48.3328601787252,11.747756958306358
85413,48.54088221117546,11.87363037370362
85411,48.4268477075223,11.5300526252651
85414,48.453877726501055,11.652581355182548
85402,48.40724130156151,11.612145962308277
85416,48.44305452544817,11.84947574774901
85417,48.41499838205663,11.802174422953293
85419,48.51240950577083,11.908185000868793
85368,48.467772928041896,11.964202893419584
85405,48.54278824420265,11.80875739303847
85375,48.31919523465987,11.65163612554118
85307,48.470952182018955,11.564893957420711
84104,48.59292310248654,11.770147977048785
85368,48.499966811304084,11.949538234298801
85395,48.48275735898933,11.712643735809127
85406,48.453946666035904,11.778949126927674
94536,48.889555155876906,13.296031688204751
94548,48.856300998658895,13.27075771061865
94572,48.837270885496046,13.223756208133628
94579,48.78982017566737,13.2590971788647
94169,48.7611844608775,13.31418785866742
94163,48.77523387512267,13.346168702825388
94513,48.84936373642086,13.329081584511044
94481,48.87810087306662,13.394187314687171
94568,48.88460869824171,13.431538797860238
94556,48.88700988083787,13.47268043319664
94545,48.8613354044449,13.508059685648178
94151,48.88627367097351,13.577623401483327
94160,48.806908049165834,13.466075744814257
94157,48.775785350544446,13.451265593779587
94133,48.73195763745226,13.523386525632958
94078,48.80197817805352,13.55031484899399
94065,48.72296176596031,13.576709876430929
94146,48.816301486464134,13.578220348207092
94158,48.869657165761254,13.684258485678406
94143,48.78752270621059,13.658767154095871
94145,48.83043789331704,13.77626328931382
94118,48.7326008530222,13.68626136852357
94089,48.74101086651977,13.754014580400678
94518,48.887605589215774,13.33617659161337
82239,48.146459886068364,11.299254206304283
82278,48.23568289544189,11.063886045935567
82281,48.244160432783126,11.170639477964345
82223,48.16072785563743,11.328627643444408
82275,48.189635246454635,11.284247599413506
82256,48.19653658525162,11.247111136204147
82110,48.135423253034965,11.389146302293339
82110,48.11346645486728,11.351595284797941
82284,48.12727908710523,11.179858115743027
82194,48.184228936061395,11.38678578037376
82287,48.16679926477679,11.149061766997947
82288,48.13051952619338,11.118499943412068
82216,48.215399650440276,11.271508813048598
82291,48.20031886068989,11.143443009207976
82272,48.163403816111426,11.080426188685973
82140,48.19831924061571,11.334021327566989
82178,48.174216418488086,11.36843159455196
82296,48.128576815547426,11.203823451847963
82299,48.09970797909589,11.079172863999508
82294,48.23963917373314,11.14480484055327
82140,48.22049655316498,11.32337073657165
82110,48.14071951340684,11.35605601935709
90513,49.43510295961045,10.918654809053042
90579,49.49670508502022,10.815245381973671
90768,49.509295302475245,10.964764807623617
90763,49.46536435597207,11.006426230427893
82435,47.68751411230872,10.998803560878274
82433,47.67133284207708,11.051085565224286
82438,47.607215710255055,11.191845581159196
82488,47.56918015548801,11.097189167032257
82490,47.53456309363232,11.116895496688246
82491,47.47388589230917,11.028678611145812
82439,47.67865959938449,11.30421537528623
82494,47.4954337017981,11.276474372379832
82481,47.46748507066348,11.27829794749182
82418,47.68520559801602,11.192797042135343
82496,47.56671138806824,11.138715137628964
82441,47.630265488726444,11.229404043686529
82442,47.66706080321369,11.027863519435
82445,47.64837692916568,11.119686609441166
82449,47.720024839727856,11.147798155608246
82499,47.51914281584494,11.292771584757773
82497,47.61816824785866,11.023519346963788
82481,47.467326345883656,11.279290050336105
82487,47.60409139648223,11.05913203030889
82441,47.66584824370398,11.244553090052081
86479,48.252365715624514,10.52218362169003
86480,48.20677055000584,10.392826601929087
86488,48.236431774678046,10.307323568907856
89331,48.4313216998666,10.41930135539639
89349,48.335436247834785,10.440633758253137
89350,48.46522646695282,10.430899985866676
89355,48.49319359212594,10.417705832116289
89312,48.42438521062677,10.293096854362934
89335,48.36784374819304,10.302099774701164
89343,48.40269718008168,10.43926779231961
89358,48.37582558765785,10.361386928887317
86381,48.25655037093165,10.355044626826622
89340,48.43774188625964,10.221411330072545
86505,48.316441323438596,10.446907836509453
86476,48.30003309975029,10.363432870853082
89362,48.488865352198495,10.381573679227785
86470,48.28854718010853,10.45763019565586
86513,48.25714949301757,10.449551404077441
86519,48.28632156473825,10.300792323546611
86473,48.2976467237555,10.541522403652769
97491,50.15352416611762,10.44152356653908
96151,50.01448948258939,10.703859486282505
97494,50.21616054554043,10.525522891406544
97496,50.14198880070516,10.649698100741395
97500,49.98254790148616,10.669845761215099
96106,50.088553303192754,10.787856443802486
97483,49.97118607486011,10.675211040808295
96126,50.20753751956797,10.629119129043481
97503,50.019094818253315,10.361254825714486
97437,50.02724511888312,10.530268341780161
97437,50.0390781592857,10.495906782793424
97461,50.13535162820606,10.531269107197865
96166,50.04119233061789,10.72020835841582
97478,50.00078005027488,10.54211134320803
97486,50.08488826868083,10.560152347978201
96126,50.19428896323886,10.659763777141007
97514,49.923032839342916,10.668286373225149
96176,50.14784738320108,10.741421569998478
96181,49.88796328214269,10.556909586911631
96184,50.06323084798477,10.797781791192511
97519,50.10716362192624,10.450531519714769
97522,49.986294477862764,10.579886404455713
96188,49.969883972645725,10.71776200293824
97531,50.02644323038747,10.446306153653278
97539,50.01893190468666,10.485793857280303
97475,50.01123400148177,10.586633261251512
96190,50.12686857022271,10.859133907980672
95030,50.330858529853806,11.876176454106336
95213,50.19155594406285,11.800019033677916
95138,50.36273931246025,11.653631342426607
95233,50.23219535347709,11.723776164349648
95119,50.31947308743836,11.686775598658159
95145,50.271517171679626,11.921325559473855
95111,50.25561619584899,12.04174879925939
95126,50.2242493766154,11.944544361495602
95131,50.290828952882165,11.633605825928223
95152,50.315857366156024,11.744748018480625
85051,48.70514949318231,11.427194659085355
85049,48.77099198283093,11.355872886109186
85080,48.782371004239636,11.386368279494326
87600,47.89144812437088,10.633111923316944
87600,47.90310924057835,10.60491530732263
93343,48.92855512704422,11.798851810995549
93345,48.84018565739726,11.986752655499016
93346,48.931837887174886,11.854129361045313
84048,48.62339220094547,11.77484914212752
93351,48.99338825153747,11.803100165473657
93352,48.768092149847995,11.976927783528556
93354,48.76197860538872,11.85119913365151
93356,48.88892482197022,12.018036130942436
93359,48.723201263476575,11.916536212757762
93326,48.82645651257972,11.893743444843656
93077,48.92397482710375,12.034098879214783
84094,48.696780039021675,11.779114792221385
93309,48.89376058824559,11.912154319754
84085,48.83805541599606,12.052318125191773
93333,48.81416977759141,11.768022171502256
93339,48.98507554570402,11.687211465057839
87437,47.71983547510522,10.33067682794575
87435,47.71280752647273,10.296831842213637
87439,47.74587536832256,10.306360427469807
96317,50.275823409002264,11.317543855217759
96361,50.43841154138686,11.383928558583635
96346,50.27540188805428,11.454061785255949
96349,50.29120980594619,11.460070412425095
96355,50.464867792314614,11.25131309040357
96365,50.36020888631177,11.507741041600415
96337,50.4928657086904,11.37941381882085
96358,50.3949910253344,11.386010770093046
96328,50.19222709848293,11.270500560767676
96364,50.256690713502806,11.398240810791402
96268,50.25091962536063,11.218866172786194
96332,50.33973881648511,11.298735572197897
86974,47.89034187760172,10.93744993453962
86925,47.94925400168216,10.844024228941313
86920,47.91407594955369,10.85603131948187
86911,47.94909338492907,11.090866209040291
86911,47.95940249023866,11.05692659822315
82279,48.0779566997506,11.114103079556326
86492,48.188372091624174,10.972731795699167
86922,48.09484994844899,11.025374146075222
86899,48.025740836334606,10.83609389686591
86923,48.01771181347317,11.022051615668085
86926,48.072926294766056,11.087472085744471
86928,48.02841530747555,10.972704753508875
86857,48.12433966243233,10.815510196208983
86859,48.070834053041935,10.81161700769738
82269,48.120595376579935,11.002944281033422
86916,48.07664642465833,10.87101539396044
86981,47.88012157452948,10.90815006252483
86899,48.050693606084366,10.884343423709748
86899,48.05954054226455,10.850523749906486
86934,47.93916307926807,10.961218221274398
86836,48.14835395301676,10.81755341510777
86929,48.069775973981805,10.935242731703244
86946,47.965889454202014,10.930244761224825
86931,48.20712628766882,10.923359054878905
86935,47.90010639948086,10.972254764899718
86937,48.172231742322076,10.889468241311155
86938,48.042620203371484,11.090354156970816
86940,48.046651375207375,10.931802195747448
86943,47.97837998993853,10.956849664641219
86932,48.01772495665181,10.904775055411813
86944,47.980901395648935,10.844133882615152
86919,48.013953514249685,11.088351193242353
86947,48.12404042551906,10.93351402990336
86949,48.06315365974354,11.04260585584765
84166,48.54847682014242,12.261068865614853
84168,48.53539406564959,12.474391614549416
84032,48.56373772554162,12.10488791739999
84169,48.4534947882175,12.175346629566171
84171,48.417001119102196,12.204202828422854
84092,48.71618213378216,12.294584419679067
84155,48.41302981207986,12.394835678765402
84079,48.52098609248627,11.997365919911344
84172,48.460512596055764,12.007845404404694
84174,48.480214352052336,12.047514308973962
84030,48.57097237315225,12.170117719960704
84061,48.69242749339668,12.201518179193135
84051,48.60844908661251,12.229295370554736
84095,48.590441453083166,12.006561791543529
84144,48.47433159412162,12.270063250340664
84175,48.5117416008122,12.434254641617564
84098,48.65945564752438,12.079794527709153
84178,48.55552775026466,12.365092431575325
84036,48.50488294893943,12.160721941937853
84088,48.73264262753523,12.185017416328918
84100,48.61530069384169,12.327373862774433
84101,48.61345287345203,11.93534775972553
84076,48.67147647551374,11.974471316715949
84103,48.67076916338234,12.311665838887544
84056,48.71276186750906,12.01486094400907
84175,48.477895447137804,12.464002897278627
84184,48.492286928086685,12.104549268178083
84149,48.359963820573086,12.250014706231232
84137,48.463763270304334,12.374879530390453
84186,48.44694951567457,12.11838293966029
84107,48.61846583834535,11.996082697886267
84187,48.65068739454921,12.372273418366333
84109,48.62830164528742,12.32587054036345
84564,48.340922345215674,12.337071993172657
84030,48.59641088235636,12.138176739713519
84032,48.54887013482516,12.109144508235513
96250,50.07393747211043,10.96092931138129
96231,50.09412852427007,10.99435696494034
96215,50.151282843195425,11.093884029824057
96247,50.165203140396066,11.124507090922709
96257,50.17369783231302,11.198484073099534
96224,50.13877366515021,11.27228632440756
96264,50.11947027483601,11.265153178142992
96260,50.10534045183747,11.239932110443211
88142,47.57714896864356,9.632592256620136
88131,47.55211167067076,9.724949647593364
88131,47.560152808658685,9.730676576266285
88138,47.5897675961085,9.746942677432921
88145,47.64304386642634,9.827275458573316
88175,47.58554013330719,9.857510417020336
88161,47.60693910977936,9.927671793664226
88167,47.633090555509646,9.973392693956052
88167,47.59425906261811,10.007650482658187
87534,47.56624904707093,10.015640212691693
87480,47.639544825141705,10.111977757439481
87538,47.46460182245157,10.103150085850912
87452,47.78566527104052,10.090144814311007
87561,47.41857079511106,10.271568786449004
87538,47.46338525476037,10.274941339336033
87527,47.511902038384854,10.252987308385336
87527,47.515249815585605,10.27161681642166
87545,47.54233585326602,10.275799180549715
87509,47.556610795093555,10.234942540142526
87549,47.590209928454875,10.32345608934288
87477,47.65823564089997,10.342801879712663
87448,47.67953191560316,10.307924700074942
87471,47.69554172368192,10.336991986731187
87474,47.699335978436,10.245977431574046
87488,47.73692917724501,10.377369034988892
87487,47.74996351014015,10.235250022701907
87499,47.76687690563788,10.396956049101364
87493,47.781225735448345,10.30817704971783
87490,47.7944665570822,10.352557433674471
87463,47.804974138440485,10.301403071358074
87452,47.81153171026234,10.20888992476977
87497,47.60664676221496,10.41545256966243
87466,47.64578488794459,10.466479719196082
87541,47.503015881810576,10.358656526538564
97450,49.976150204457745,9.959904675071545
97775,50.153342650121395,9.653839753212868
97839,49.84886858103646,9.509398095333804
97776,50.00872352222251,9.827706285839112
97833,50.05271837507884,9.495838774041902
97737,50.060351728552185,9.680793062591256
97753,49.97399682643973,9.772666178807706
97892,49.76983328047376,9.511507191456042
97816,49.987372117881726,9.574105176951946
97828,49.84075007793264,9.563385340605722
97846,50.03695794947976,9.523323581810017
97794,50.094119334886166,9.660547348719428
97854,49.95363616876644,9.663611780061416
97857,49.90868154539729,9.673793416125752
97225,49.890922963612404,9.824436901431739
87700,47.975678172368205,10.185097343898303
83707,47.72357480990478,11.712947938915304
83735,47.67134514272023,12.013765347684272
83730,47.712469689185696,11.940307059751463
83703,47.7588556074717,11.728745628493758
83666,47.76629188996123,11.692643397009926
83734,47.75520699498636,11.854381580689553
83607,47.87470963049377,11.701605642356462
83737,47.84114849876864,11.92140778923797
83708,47.65501857110964,11.75148206160802
83714,47.78127509641134,11.830302405744376
83727,47.706006767062355,11.873038795636969
83624,47.91431415274709,11.681472122202468
83700,47.68185187131361,11.813591907070078
83727,47.73644751215462,11.859465377916017
83626,47.89298266815137,11.775109239609389
83627,47.785649035776075,11.76414919436848
83627,47.86138715811401,11.72582859732982
83629,47.85561120051158,11.826105082845386
63927,49.73025174241228,9.276174662494755
63906,49.823201924549124,9.15357885218592
63928,49.651232657732855,9.402893618798986
84539,48.258463893648596,12.40634941999288
84544,48.19534980343118,12.350577855516928
84428,48.31421701745815,12.277427701499896
83536,48.15450997066407,12.268673445187469
84431,48.246351783681774,12.368342005943425
84559,48.18873080635379,12.441173338534496
83558,48.14767538706297,12.106951604949797
84453,48.25112989410421,12.520519989574423
84494,48.366456024615026,12.52162215853347
84494,48.32929504172087,12.55049265006284
84564,48.30450747870613,12.377172465525257
84570,48.21949627252231,12.555990989167896
83562,48.119223567588165,12.165935461044343
84437,48.166606030917144,12.23308720818406
84419,48.274640296314544,12.261128045913795
84478,48.218184775907815,12.408167698727517
83527,48.16684492089253,12.181997398836042
80997,48.19285152415216,11.49249370764315
81929,48.162662124609554,11.649396078509636
80995,48.20290401273068,11.543074857733812
80939,48.19137363946094,11.599796537467965
81377,48.10375019531209,11.47626528567302
80639,48.15365432072958,11.514540751814682
81245,48.17126241809692,11.438145538745747
81737,48.08815671483152,11.630177633291643
80686,48.132044586377496,11.526446008405276
81677,48.13536929589745,11.619183909096682
81371,48.108682211234054,11.544839318927062
81827,48.11878758239286,11.692049131702081
82166,48.11992729824474,11.450650675684859
82152,48.10297750311925,11.444779361902771
82061,48.09586135478376,11.471879386620218
82069,47.991337172116346,11.450664243674153
82065,48.02753943630317,11.492960932853332
82049,48.04182290035014,11.508832840777076
82031,48.03157272429784,11.519878818458514
82041,48.027784621935716,11.5881580310244
82024,48.02977583073637,11.617141848449057
82008,48.07261890359396,11.619603813400108
85521,48.073103820605745,11.652853474209225
82054,47.96687140179783,11.662601428460409
85630,48.092652913806525,11.758574732398754
85630,48.05627457983055,11.778815750011852
85540,48.11499778481266,11.71624817342381
85622,48.150377784458904,11.742992150323213
85551,48.173654159753156,11.73941975579128
85609,48.17663275646045,11.720960200635346
85774,48.19943262748628,11.663098768505685
85737,48.23039816765841,11.68040102680512
85748,48.25048839423255,11.656605647383559
85764,48.26366262747397,11.559351981337228
85716,48.28669261683227,11.561724539336993
85774,48.199394350557505,11.663166716911993
86561,48.53627812558179,11.281358567210852
86562,48.6331878449498,11.25902692332337
86673,48.75622479281598,11.262661769385272
86564,48.62757642823867,11.314550315518003
86666,48.69322872665165,11.033679427174917
86676,48.63456023564564,11.121542840653582
86565,48.496654404965206,11.26622118713481
86668,48.67675494742074,11.293778754673697
85123,48.673834511650504,11.410510799024264
86669,48.61170441444648,11.15801161808528
86571,48.60837531892492,11.198837146679855
86633,48.740434124841585,11.166903596191787
86633,48.723492155703426,11.166896036840232
86633,48.73165124589689,11.207335030127078
86697,48.71684013067698,11.10162668424036
86643,48.74628162191253,11.043789289018251
86701,48.688602617576976,11.162739961353624
86529,48.5706333275642,11.296877917398833
86529,48.56906702322249,11.253661219670521
86579,48.58122626514892,11.345410913914987
86706,48.71094240659889,11.33059272362032
92348,49.34357432291186,11.427570915385386
92283,49.36128675586933,11.606315713953645
92367,49.315714128221174,11.504833718013915
92318,49.301070112536316,11.464175930350141
92353,49.305505629551945,11.348588867833024
90602,49.30274150447278,11.28303140844383
92361,49.248565842989294,11.401707203609478
92369,49.23785942719055,11.460788142258668
92364,49.22093766527289,11.538152316717488
92355,49.225252332037236,11.67070821869711
92366,49.194220229612526,11.86165990695081
92342,49.17368362645946,11.337185692218181
92360,49.16315989242801,11.44894650953405
92358,49.15743404392532,11.621980624459528
92331,49.164974447277174,11.71450075466637
92331,49.15967877597114,11.74731912145998
92363,49.12001936707264,11.62441251226818
92334,49.093878946989406,11.445146356124674
92345,49.022073835610776,11.592723547210769
91438,49.50589190444826,10.438229234766993
91593,49.45749968456046,10.32136897815961
96152,49.73085609575119,10.605386691007586
91456,49.59608746672392,10.665438513140108
91448,49.55622418219998,10.710362437424326
91459,49.498244182693455,10.639896814917769
91413,49.57835034266794,10.602654510713341
91443,49.66112744079691,10.459844142580017
91486,49.672933959219044,10.71727625598933
97215,49.54760814320171,10.222606384891419
89281,48.18416539001481,10.106881455429553
89287,48.25323711601778,10.10551599448198
89290,48.22239860345182,10.172856883487208
89275,48.44556354310979,10.094494603946325
89291,48.38526677771844,10.1049732112165
89257,48.23262750595959,10.078125905643143
89293,48.12540947198604,10.119627491612789
89278,48.41504589891637,10.155931177923485
89233,48.38818963841946,10.048198352952317
89294,48.174653346275036,10.185947652448723
89296,48.148255979259815,10.174616547593455
89284,48.36228163199095,10.157774002497844
89297,48.2914623408958,10.219444654338872
89250,48.32872784295686,10.081956159360258
89269,48.295984581339134,10.085700690480728
89264,48.28762229150001,10.16254007513351
90439,49.441159959121634,11.058120077749487
90411,49.48010954184948,11.11498658714437
90480,49.43388851244581,11.12505944433029
90475,49.41877576574886,11.201641142463782
90455,49.34606544291529,11.061851560369679
90427,49.52217659072974,11.023704966993028
90518,49.38007939976373,11.378486095503785
91233,49.532021196491364,11.315385051791319
91236,49.431128742634165,11.545877150272972
90559,49.33563733928519,11.313523413228195
91238,49.47292964864286,11.391079370755419
90537,49.37113190475972,11.199436594047135
91230,49.48505289567788,11.472213024367175
91235,49.595525133332984,11.52358490626829
91239,49.494185816297055,11.393109769203576
91217,49.50458280984599,11.439086829662347
91241,49.55240570329737,11.424936245305178
91207,49.503781876179346,11.274596559356091
91227,49.448157679718875,11.294754408631192
91284,49.625463421748435,11.548777817125847
91238,49.45845429589695,11.400466641728665
91242,49.509527957108354,11.348010849127922
91224,49.50256583287166,11.497679543559808
91244,49.51457646178789,11.36275098766155
90552,49.47431885966073,11.248645709756289
90607,49.49153199205566,11.24413878612473
91220,49.564927045458084,11.33938755631588
90571,49.46613507269479,11.203690874639978
90571,49.484680012993564,11.199081993471372
90592,49.35257485835678,11.255246829389472
91245,49.60632112566995,11.330559105277697
91235,49.616616084540034,11.506054936276952
91247,49.55868214407343,11.493514962857908
90610,49.399067597950925,11.29783881946661
86862,48.09863604636752,10.732952975467825
86807,48.046649486680025,10.721453881888761
86860,48.00474551084285,10.722202329534968
86875,47.99522865137094,10.769680471510275
87668,47.947338664438945,10.64198769729286
87650,47.941024081453186,10.537677267373391
87666,47.93200929536809,10.610172148758023
87656,47.92855036751885,10.668324992938413
87679,47.932944709390135,10.716039467289653
87662,47.92553419226552,10.743887787858684
86869,47.933778202268215,10.751129443179453
87653,47.91637823773906,10.513612304490046
87660,47.908621196716915,10.57745096370655
87665,47.90024579803588,10.670056156548242
87677,47.89785060077583,10.708335480073126
87662,47.876930896300486,10.748766362556564
87671,47.89243776131142,10.415670894063878
87654,47.87693901093974,10.531358258628332
87640,47.837728566895066,10.647222811807872
87651,47.830379633811596,10.718885915827576
87634,47.852543782681614,10.418430703408985
87496,47.83043372904849,10.3702419645183
87634,47.82613829020935,10.433573823279005
87648,47.815938587306825,10.533931009344979
87674,47.82475950570111,10.592845685806621
87616,47.79596995314628,10.62050261282135
87675,47.77133133405395,10.748206524251799
87647,47.77523812597493,10.468074699474368
87647,47.7643873037262,10.509465449887607
87675,47.73816782364762,10.68746507186792
87657,47.70456420679032,10.513107816602735
87616,47.72430659363362,10.561814461873258
87663,47.70753687450887,10.60646478775713
86983,47.704233207880016,10.797590865188473
87494,47.65525826288075,10.545347566759437
87637,47.658278462750395,10.612991239228915
87672,47.656467947139426,10.721270152169083
87642,47.64696523167908,10.815885495210326
87484,47.62053633745724,10.497395322596175
87637,47.612636146873314,10.604480276298904
87659,47.61325301952169,10.6410680426723
87669,47.620445414993675,10.71641864577777
87629,47.59805612530728,10.711029777120343
87645,47.57123515250074,10.752812618454758
87459,47.589377570124576,10.555451982318825
94139,48.70702736837016,13.787485306027584
94164,48.68647032037737,13.72240691131821
94110,48.59459728104915,13.784465912981403
94107,48.57529322620758,13.684500652080073
94130,48.557927364659605,13.624980154976397
94051,48.6418353678777,13.63855965158491
94136,48.6153223447863,13.533563930603812
94116,48.66601570650658,13.486028763033021
94121,48.6229984773646,13.47971652468855
94034,48.59276253308774,13.478342474353594
94032,48.57292086590072,13.494602148077139
94104,48.74152901455298,13.38184232123586
94154,48.69673485911096,13.389154559429091
94161,48.649087340304185,13.409742751328283
94113,48.62111444715521,13.390289069107084
94034,48.605155910582255,13.39400827809304
94036,48.57506175170781,13.416067076940742
94036,48.57741656751611,13.371925916132577
94127,48.53262455586168,13.390276049573343
94081,48.518896409336065,13.327764426904821
94152,48.45780262905196,13.419287707153208
94099,48.43263737619811,13.3412943222035
94167,48.440310685458634,13.274236267625698
94060,48.4035675020186,13.333642555216041
94072,48.33748285480762,13.328369021459118
94148,48.347688469114935,13.24910304866839
94094,48.31114856792153,13.189810655610966
94094,48.3573435955838,13.207267602167006
94149,48.37189670465261,13.135459607000001
94086,48.45287708369466,13.186086758428399
94542,48.50460212605463,13.147091525949753
94496,48.548353999806736,13.22023478068185
94501,48.5703736915214,13.074367884135876
94501,48.59466087350788,13.096216246463003
94474,48.61262363168958,13.178003349164122
94575,48.62097035581361,13.232000398399213
94544,48.67098399624079,13.122710886955137
94535,48.71875916255077,13.267005732077894
94538,48.71227254640423,13.338105967755082
94529,48.678750866699694,13.299584411351578
85107,48.66933822388548,11.484813336004175
85119,48.73415314816956,11.588006517972827
85290,48.67495557353523,11.62668874084622
85302,48.50004520335839,11.372137165894987
85276,48.50560391155438,11.502441908493415
86558,48.58439652288009,11.400268764174998
85304,48.48356439286154,11.509895793044441
85305,48.43059427613672,11.40722511857793
85077,48.71210797423034,11.482687057291686
85126,48.75800346879632,11.684026225644706
85276,48.522040808805606,11.493737566846685
85309,48.61971109435755,11.451870540927034
85293,48.472731592235974,11.503595588058216
85084,48.65016075909313,11.494136155244657
85296,48.6119009501811,11.574792325005973
85298,48.496690451914304,11.458609618579702
85301,48.50001838499719,11.602582416227305
85088,48.76717580263386,11.638023674720229
85283,48.60815486037145,11.601568594575898
93087,48.92250342482324,12.209984170425473
93177,49.09098456699358,12.303777553474774
93089,48.86736870539551,12.291100405508272
93090,49.01910167547713,12.302066748698374
93092,49.00264324212932,12.20831251024756
93176,49.09263665115098,11.81528499649264
93170,49.098006687793195,12.25486031340264
93179,49.06678258497866,12.390450630510474
93180,49.03104164093095,11.900256454689261
93093,49.028564335026246,12.210674902685978
93182,49.106272528320886,11.934227915961126
93095,48.89706649682747,12.214459990924464
93155,49.046613601424134,11.785758198521682
93183,49.15369707477951,11.992120470623854
93183,49.15522892846213,11.952017611385456
93096,48.93381441433154,12.198191913122846
93164,49.070244953145114,11.881319476066782
93138,49.057835927278724,12.089609519328688
93098,48.95778617137116,12.247864476750824
93099,48.893176095348906,12.373039329073478
93073,48.987633001995896,12.196085984618533
93152,49.034056418863315,11.935991187315244
93083,48.96228171532938,12.17574199339595
93080,48.97650627666516,12.058640331192452
93186,49.02761474419556,12.037994499288525
93101,48.8575928755374,12.241243251294064
93102,48.96698120623905,12.387822549617328
93188,49.07582448714572,11.9626635846725
93128,49.11341824512103,12.131300629417295
84069,48.82628597309878,12.14897245198414
93161,48.998239890826945,12.033018007908941
93104,48.88471091298821,12.354414130324022
93105,49.01912566923813,12.167912496891178
93107,48.90811430255674,12.147272048491573
93173,49.070427686582356,12.183876392059206
93109,49.0034000701558,12.377055497769282
93195,49.1129848820615,11.976722584666577
93086,48.994461940507186,12.406547929515051
93197,49.089235516935275,12.11938827426016
93053,48.995459817354245,12.123765458368828
97616,50.335632710204756,10.196295440586784
97631,50.297645533879795,10.451727049906303
97638,50.43770729588485,10.305068780422385
97653,50.413802787440396,10.011040050597899
97645,50.45847891499017,10.244723556205418
83544,48.10688788867582,12.118763412516882
83123,47.997630794831004,12.307952911641356
83229,47.76635069865917,12.325454124000116
83547,48.08677902184351,12.260431711352194
83043,47.8717200801825,12.008570810618107
83093,47.9060735135897,12.29332599527441
83075,47.78307445355139,12.003354718426236
83233,47.82742068745693,12.388371840311914
83098,47.74181493761318,12.122323266692165
83257,47.88456961475005,12.415594067068557
83052,47.883303466625975,11.92977283606655
83256,47.873135704804966,12.42444175520115
83533,48.05887565130922,12.162966954829383
83125,47.92973517742385,12.389245374733907
83549,48.03597674153905,12.232688583398868
83620,47.891598984540835,11.866654361767456
83112,47.803889399881434,12.283322739961484
83556,47.99771861615782,12.183060169487652
83109,47.88781638728547,12.085569032403589
83128,47.94655381078174,12.266210909188107
83129,47.9537515191616,12.328191999153088
83088,47.606979391608704,12.19797624895042
83059,47.84466976809988,12.072213565752307
83115,47.77886325256468,12.139416644516004
83080,47.65011126804635,12.177273279641444
83539,48.048320532907496,12.113671968991394
83209,47.84596601327755,12.34391341235946
83134,47.90008468993671,12.204100343003516
83561,48.024311889925166,12.14698524732537
83064,47.782239335343924,12.098795662505697
83083,47.83731848134175,12.202293099829141
83253,47.88416163628448,12.328303291214475
83101,47.83573857934576,12.155085240072331
83543,47.99232799505529,12.13835786244777
83122,47.77632667908426,12.239439746936853
83135,47.93027541870931,12.123741662989453
83137,47.98210766282681,12.237640383080263
83139,47.92811538835848,12.235825912995958
83564,48.122861200496466,12.217102679315161
83071,47.86903150678557,12.16780774217623
83104,47.933040945116126,12.00669947897358
83569,47.95289910627272,12.177074664879065
83022,47.851922433252625,12.144794518530336
90530,49.347241175205774,11.161551441567672
91186,49.27158330480122,11.043694790079023
91187,49.17540115764952,11.00002947389819
91161,49.162103257187276,11.199689092735714
94424,48.562155150184196,12.802944652137308
84364,48.432888571804995,13.074545854784143
84378,48.48774982332794,12.90604743199665
84307,48.399599522607204,12.755216401040773
84385,48.52419584382047,13.065475006911567
94140,48.296711937460984,13.164050317984389
84326,48.46578560195825,12.732561243213864
84140,48.43308188925565,12.56141069977636
84332,48.410986851373416,12.83225446974323
84381,48.53555847731536,12.957960881170282
84375,48.24958535157629,12.97948689190457
84323,48.39486019122279,12.615595013638806
84335,48.352843906891366,12.732271952594777
84347,48.43288771146427,12.9636281678259
94439,48.593550833092536,12.9142058967118
84337,48.48733547480909,12.833711287866441
84359,48.26222829932913,13.01742068760812
84367,48.322502440187336,12.88461417105976
84371,48.38247748123924,13.016527984184254
84339,48.38854102226696,12.669673661064753
84384,48.356812573755484,13.009057794664816
84329,48.35901640911927,12.78358586754463
91126,49.33813816381294,11.076720815840305
92439,49.28325076157271,12.328234714672828
92436,49.240284381669866,12.30513158988885
93133,49.20083694514431,12.061926167936049
92542,49.41538457772271,12.41463256093321
93142,49.176636606954204,12.100401955518658
92507,49.44455476410462,12.17384139759311
92445,49.28508705981089,12.44900645010339
92431,49.336133984116806,12.394962034277786
93149,49.194210643416284,12.282899980763858
92526,49.4530937537525,12.410873271537726
92536,49.48438252762188,12.1721398459501
92546,49.43848181260959,12.077426455585707
92539,49.52474200087903,12.542494933768715
92421,49.30108087887292,12.081348904467324
92521,49.38436509591621,12.143233586476704
92447,49.379745716953735,12.342700360824562
92449,49.270221784326594,12.1782506241606
93158,49.22269568524515,12.080434820168936
92552,49.49863516076834,12.391879178604277
92554,49.379433570223405,12.474980516512339
92555,49.51309254659544,12.254895091679302
92442,49.302036029413614,12.17240823773618
92533,49.54232218128945,12.132251736977894
92559,49.42791761943996,12.488323732106444
97493,50.02894109875564,10.157689548931966
97447,49.91131392873703,10.338322778139002
97424,50.03621561742326,10.241998436612993
82346,47.97289811118873,11.219061061945728
82335,47.970971833962345,11.377752320871975
82340,47.94612171411503,11.288964927666697
82131,48.06410432651341,11.406922090518833
82131,48.05440494864964,11.35846649871396
82131,48.0781260130887,11.396496623923458
82205,48.10946506623974,11.28900916952788
82211,48.00152899940076,11.172371660255296
82266,48.06857348433435,11.14561419723249
82152,48.09277127341712,11.411676103197843
82349,48.07236198181948,11.355857979948293
82343,47.96228321400595,11.289504609819751
82229,48.03944082151116,11.209809877941929
82319,48.00351616007088,11.354333440652786
82327,47.91127140044276,11.277660171521807
82234,48.061174404274226,11.265879360446817
82237,48.08500501154242,11.195762702482265
84066,48.759642056032675,12.227525959560987
84082,48.797139700501646,12.316816594271716
94333,48.817329466891856,12.391629687248681
94368,48.861511799651936,12.444153782145962
94369,48.90292252576581,12.456342176511093
94348,48.89129197482874,12.497602061754314
94345,48.93648242907608,12.494941679869115
94356,48.95762542583196,12.542262873912527
94344,49.04630275514951,12.532444432653065
94339,48.77571599659689,12.519992126736403
94351,48.82296693417582,12.533225649439393
94330,48.81188824705221,12.57768066599472
94363,48.79218178086573,12.64494761585072
94330,48.83719388071827,12.61692682098372
94315,48.86271263964512,12.577306197502786
94315,48.87934154179706,12.58027695247722
94315,48.880774789226415,12.615482626780254
94365,48.922663504654366,12.608946628497542
94377,48.95129870380248,12.613484476247184
94350,49.00187231060862,12.59585948637375
94347,49.00265556034819,12.639362343962679
94372,49.03622274516951,12.627641959224258
94375,49.08190093203639,12.63513880435268
94342,48.83595571679718,12.70865887278
94342,48.84048804923411,12.749776084512186
94553,48.842806420680944,12.802853595568198
94327,48.89645128358441,12.71172037565861
94559,48.88943672019297,12.80252540279887
94374,48.91424004339801,12.80752143270764
94336,48.94600258595046,12.722020968185697
94336,48.94546322607167,12.750772781682697
94362,48.97303383784285,12.751406228527646
94360,48.98102094277882,12.679131897521733
94354,49.00274764269476,12.69620121236646
94353,49.015782828068595,12.703563194684182
94353,49.021964980682064,12.755392505885718
94379,48.9955775037649,12.818246742136566
94357,49.08103575335308,12.702182177432956
94371,49.09238202285033,12.752577273383201
83352,48.0075707990261,12.533222816534568
83346,47.81099322741842,12.572111468778743
83339,47.911019037181504,12.535748706390601
84549,48.11405013224112,12.548414812294082
83413,48.00617159668503,12.815481317053376
83355,47.85081079032209,12.548273241490925
83224,47.78049452907107,12.47439091726536
83334,47.752166870298815,12.74855959425623
83361,48.036700610699214,12.456574303757613
83417,47.9522317220273,12.842535892948579
83119,47.99715895747721,12.400745234927829
83349,48.00622939360655,12.637238479780743
83367,47.90917388777307,12.807409964679314
83132,47.97637910005033,12.39614838453681
83242,47.66946862835694,12.468378528728573
83324,47.74891588193407,12.657131387959415
83259,47.72717443046261,12.403354764826322
83530,48.08103657158881,12.410709907625266
83370,47.97785782989116,12.46421784909691
83358,47.93773759549106,12.477812468821444
83313,47.82130230907448,12.664936280618393
83362,47.8752190525819,12.714024173206807
83342,48.08316633008861,12.564203545234946
83373,47.99421911975794,12.72598616905786
84529,48.02247982092142,12.772483063189243
83301,47.96433756501194,12.58216867504546
83278,47.8714203733734,12.654272883707574
83308,48.03930088454706,12.570796250065913
83376,47.95729621134543,12.502066726454595
83246,47.7333702760035,12.450347477994276
83246,47.70929384956533,12.471479557827069
83377,47.838528598961176,12.605012723119588
83329,47.934265083975596,12.72963977326396
83379,47.908357212628104,12.715414666272391
83236,47.83527960061555,12.493787988552318
83278,47.88968176940295,12.62586347875102
87739,48.13705578940074,10.388086355379546
87727,48.15555363997081,10.238053852556147
87787,47.89560917068308,10.2523252959937
86825,48.01759988255602,10.617653006406046
87737,48.08239974194403,10.201964059743984
87740,47.99555047635346,10.138459862880815
87742,48.0026585923723,10.507399028869578
87746,48.042800494353195,10.34030229920191
86833,48.1169151873219,10.664914087874296
87751,48.04729157329566,10.15455875811387
87757,48.16562756160905,10.492720825360404
87764,47.86112836532501,10.129948590633363
87733,47.94987660990043,10.391568287232092
86865,48.12292446871837,10.574902515877529
87766,47.99333045784614,10.222746133871402
87719,48.063439402631246,10.487793588733089
87770,48.10668588827181,10.30048422726367
87724,47.94622201564234,10.31269987988563
87772,48.121503913083934,10.463053979277294
87776,48.01234243580549,10.343213664186592
87778,48.02532534915127,10.443709362477394
86874,48.09945338471848,10.569400880499433
86842,48.07813066938885,10.653466278009562
87789,47.92003667312706,10.203993161869384
92637,49.67841089520287,12.180071503553698
92637,49.68667182528473,12.12809933234984
86980,47.80004216819113,10.815018605069168
82380,47.789444368882535,11.052346743916923
82362,47.85261317466671,11.14900232869831
82377,47.750896865251235,11.410164112732298
91805,48.91803248996263,10.714487562022505
91747,49.006014010147055,10.6622145524856
91719,49.00435924963776,10.737465942614131
91728,49.06360831966912,10.707612132384575
91710,49.10475338968611,10.756533230830406
91735,49.15580342636945,10.717066732600799
91729,49.17744947603968,10.78136090432534
91720,49.14822035553363,10.873025456081233
91738,49.09972579132465,10.842180619408708
91723,49.058386782504776,10.792614875348987
91802,49.02379990553686,10.823100860649012
91793,49.052770483129066,10.86383744709126
91801,49.01716570501634,10.851095290633758
91785,49.110522133513705,10.992485024605907
91792,49.06494101830325,10.965831989865535
91796,49.07606176327608,11.059653409198319
91790,49.04546372992509,11.141889426106934
91781,49.01911945761798,10.964064437577068
91757,48.94721177430619,10.914002000916676
91788,48.94340736195804,10.979173343089084
91799,48.893001545650975,10.940275768542019
91807,48.893035540526135,10.996127788301933
95659,50.05932511611571,12.174433321548678
95158,50.153134386168276,11.954596180795718
95168,50.13233831136063,12.010170614872607
95615,50.013669461439456,12.101460270454597
95195,50.08660588111563,11.958852073198395
95706,50.08281733461914,12.23780492378852
95173,50.193133243212465,12.08914496289558
95100,50.17317011113586,12.155256395156584
95707,50.0782604751987,12.121504296666386
95709,50.00794343606512,11.945103223268772
95163,50.098644195226335,11.89026517136279
95632,50.04080170800671,12.021552617504433
97246,49.73105383439356,9.99171822634293
97255,49.571972955355584,10.014995672596646
97204,49.77282499180842,9.872524994112595
97270,49.74702476047856,9.83431863877686
97273,49.85082310249528,10.028187388342472
97199,49.663229557670704,10.079649489259173
97234,49.689512572871195,9.945274910394248
97222,49.843728414521166,9.968375308430565
97285,49.50651005564064,9.971175806347697
97228,49.79113828753479,10.005286130815797
97292,49.795003342590825,9.713868208205602
97209,49.8305676463395,9.9049268309487
97297,49.7964552199143,9.841263618306215
97299,49.8137071669678,9.871077828432863
97076,49.794499973694585,9.992378902082018
97084,49.72999867030465,9.962507972403152
94259,48.8994733643938,13.194369358912041
94253,48.91395047555491,13.088014983817862
94239,48.96163707826352,12.972806742532326
94250,48.97369822305909,12.944320205816846
94209,48.9563390888457,13.159399954763463
94258,48.987434953782945,13.302346717626499
94239,48.990356390668865,12.989393990746857
94264,49.00916425438459,13.149444343136672
94244,49.02732653412318,12.971349793198765
94227,49.01640702435325,13.256203513022077
94227,49.031246737755275,13.259956707774503
94262,49.048512823115594,12.851044558792251
94255,49.05496952794875,13.025981670221384
94249,49.07404564439108,13.08397025200603
94234,49.0766124435576,12.899030466894908
94267,49.095702286673216,12.819452490198609
94256,49.107567354973945,13.003189297305495
93471,49.12680165587276,12.982893409353421
94252,49.11937300070378,13.193814385515738
97318,49.73991919039169,10.190811056041202
97355,49.76943256103161,10.370574909153937
97320,49.75746878060911,10.13429198775038
97355,49.744782199652136,10.350104970704365
97337,49.794480874075674,10.153732584722436
96160,49.77357852268488,10.467308671196033
97320,49.753551924334865,10.241792040660807
97346,49.6956338597336,10.245147916571133
97355,49.777914837014826,10.282623536218738
97350,49.713605614885914,10.214907990529124
97320,49.77065877334079,10.152708837615707
97348,49.68395504060342,10.284755428934803
97340,49.66838112278603,10.141731898756749
97340,49.62035439893752,10.186213827185712
97334,49.85505755738755,10.17457824843714
97342,49.65431624493178,10.173734968523403
97357,49.83131650241962,10.325998178772931
97348,49.728512705086175,10.24043128785772
97355,49.76500027344693,10.347229458198202
97359,49.80074487910607,10.23351906380587
97340,49.67400902859914,10.142025634632157
97342,49.658521967303614,10.19099969054134
97334,49.82614828348341,10.210028684338399
97320,49.70582696549256,10.131702491452447
97332,49.8600686577716,10.234433933879567
97355,49.74915174538384,10.304096417838604
97353,49.79434584971809,10.334281928505645
97348,49.678016897999925,10.233673639184474
95666,49.98259424237745,12.278646892580694
91257,49.76537046679861,11.551187898801162
95463,49.99166746600395,11.63392699979125
95463,49.96973975653858,11.613024901831142
92729,49.6426819574266,12.021566423458163
95326,50.17720223804174,11.369955200371612
95502,50.057369582372964,11.586564985970655
95326,50.0975104013481,11.424633683296546
